id,question,gold,type,chain_answer,baseline_answer,chain_em,base_em,chain_f1,base_f1,chain_status,failed_step,router_pred,grounded_a,grounded_b,grounded_bridge,chain_calls,total_repairs,total_input_tokens,total_output_tokens,total_latency,base_latency
0,In what year was the university where Sergei Aleksandrovich Tokarev was a professor founded?,1755,bridge,1755,1755,True,True,1.0,1.0,ok,,bridge,,,True,5,0,2407,104,3.1433334999892395,0.2887882999784779
1,Black Book starred the actress and writer of what heritage?,Dutch,bridge,Halina Reijn is of Dutch heritage.,Dutch,False,True,0.2857142857142857,1.0,ok,,bridge,,,True,5,0,3317,58,1.1367329000495374,0.5555477000016253
2,Which actor does American Beauty and American Beauty have in common?,Kevin Spacey,bridge,Kevin Spacey,Kevin Spacey,True,True,1.0,1.0,ok,,bridge,,,True,5,0,3167,76,1.2555055000120774,0.5221495000005234
3,Ken Pruitt  was a Republican member of an upper house of the legislature with how many members ?,40 members,bridge,40,40,False,False,0.6666666666666666,0.6666666666666666,ok,,bridge,,,True,5,0,3279,56,1.168409599980805,0.6064866000087932
4,"Between Greyia and Calibanus, which genus contains more species?",Greyia,comparison,Greyia,"Greyia contains three species, while Calibanus contains two species.",True,False,1.0,0.19999999999999998,ok,,bridge,,,True,5,0,4146,156,1.9831218000035733,0.7054497000062838
5,Did John Updike and Tom Clancy both publish more than 15 bestselling novels?,yes,comparison,Yes,Yes,True,True,1.0,1.0,ok,,comparison,True,True,,8,0,2751,296,2.548490699962713,0.40664270002162084
6,Who was hung for assisting the attempted surrender of a defector from the American Continental Army to the British Army?,John André,bridge,Benedict Arnold,John André,False,True,0.0,1.0,ok,,bridge,,,True,5,0,3675,45,1.084701199986739,0.6153690000064671
7,which Mexican and American film actress is Ethel Houbiers  French voice of ,Salma Hayek Pinault,bridge,Salma Hayek,Salma Hayek,False,False,0.8,0.8,ok,,bridge,,,True,5,0,2702,55,1.0976340000052005,0.48762850000639446
8,Which major international airport in south-east England ranks as the 8th busiest airport in Europe and replaced Croydon Airport?,Gatwick Airport,bridge,Gatwick Airport,Gatwick Airport,True,True,1.0,1.0,ok,,bridge,,,True,5,0,3984,157,2.0448990000004414,0.7170111000014003
9,Isabella Kelly was born at a ruined castle characterized as one of the most isolated fortifications in Britain by who?,The Changing Scottish Landscape,bridge,Christian I,"1991's ""The Changing Scottish Landscape"" characterizes Cairnburgh Castle as ""one of the most isolated fortifications in Britain...[and] also one of the strangest.""",False,False,0.0,0.2727272727272727,ok,,bridge,,,False,5,0,2779,44,0.953492999979062,0.784800900000846
10,The facility where Robert Croft worked as a navy instructor was also known as?,"""Home of the Submarine Force""",bridge,US Naval Submarine Base New London,US Naval Submarine Base New London,False,False,0.2,0.2,ok,,bridge,,,True,5,0,3787,69,1.3656900000059977,0.6436844000127167
11,"Who released the song ""With or Without You"" first, Jai McDowall or U2?",U2,bridge,,U2,,True,,1.0,failed,extract_a,comparison,,,,4,0,1867,538,4.207445300009567,0.5873847999901045
12,"Which ""Roseanne"" star is in Scream 2?",Laurie Metcalf,bridge,Rebecca Gayheart,Laurie Metcalf,False,True,0.0,1.0,ok,,bridge,,,True,5,0,3836,250,2.6560536000179127,0.5809772000066005
13,In what city is the company that Fastjet Tanzania was originally founded as a part of prior to rebranding based?,"Nairobi, Kenya",bridge,Dar es Salaam,Dar es Salaam,False,False,0.0,0.0,ok,,bridge,,,True,5,0,3087,77,1.1838102999900002,0.5759625000064261
14,"What is the name of the Australian specialist electronic music magazine that features avant-rock, experimental sound art, and experimental hip hop?",Cyclic Defrost,bridge,Cyclic Defrost,Cyclic Defrost,True,True,1.0,1.0,ok,,bridge,,,True,5,0,3724,86,1.4054412999830674,0.6407189999881666
15,What is the population of the city that Munsonville is in the northwest corner of?,729 at the 2010 census,bridge,729,729,False,False,0.4,0.4,ok,,bridge,,,True,5,0,4417,71,1.4887115999881644,0.6837372000154573
16,A Pair of Brown Eyes and Wild Mountain Thyme is based from what artists song?,Francis McPeake,bridge,"A Pair of Brown Eyes and Wild Mountain Thyme is based on the song ""The Braes of Balquhither"" by Scottish poet Robert Tannahill.",The Braes of Balquhither by Robert Tannahill,False,False,0.0,0.0,ok,,bridge,,,False,5,0,4062,94,1.5948915000481065,0.710381300013978
17,Armageddon in Retrospect was written by the author who was best known for what 1969 satire novel?,Slaughterhouse-Five,bridge,"Armageddon in Retrospect was written by the author who was best known for the 1969 satire novel ""Slaughterhouse-Five"".",Slaughterhouse-Five,False,True,0.11764705882352941,1.0,ok,,bridge,,,True,5,0,3583,148,1.8860461000003852,0.6611000999982934
18,What class of instrument does Apatim Majumdar play?,strings,bridge,Instrumental music,Sarod,False,False,0.0,0.0,ok,,bridge,,,True,5,0,3854,62,1.3060399999958463,0.5849846999917645
19," Which movie did Disney produce first,  The Many Adventures of Winnie the Pooh or Ride a Wild Pony?",Ride a Wild Pony,comparison,Ride a Wild Pony,Ride a Wild Pony,True,True,1.0,1.0,ok,,bridge,,,True,5,0,3881,76,1.4888882000232115,0.7140842000080738
20,Pandikona and Berger Blanc Suisse are both what kinds of animals?,dogs,comparison,Dogs,dogs,True,True,1.0,1.0,ok,,comparison,True,True,,8,1,3800,830,6.828899600019213,0.5054951000201982
21,The Prussian General Carl von Clausewitz is associated with what type of realism?,Modern thinkers associated with classical realism are Carl von Clausewitz,bridge,Classical Realism,Classical Realism,False,False,0.33333333333333337,0.33333333333333337,ok,,bridge,,,True,5,0,3678,118,1.7651502000226174,0.9698668000055477
22,What where both Hawker Hurricane and No. 1455 Flight apart of?,Royal Air Force,bridge,Both Hawker Hurricane and No. 1455 Flight RAF were part of the Royal Air Force (RAF),No. 1300 Flight RAF,False,False,0.33333333333333337,0.0,ok,,bridge,,,True,5,0,2626,93,1.310805299988715,0.5161563000001479
23,what language did the ethnic group which Torstein Ellingsen was its drumer  speaks ,Norwegian language,bridge,Norwegian,Norwegian,False,False,0.6666666666666666,0.6666666666666666,ok,,bridge,,,True,5,0,4558,63,1.5582827999605797,0.5759035999944899
24,"From March 631 to April 631, Farrukhzad Khosrau V was the king of an empire that succeeded which empire?",the Parthian Empire,bridge,The Sasanian Empire,The Parthian Empire,False,True,0.5,1.0,ok,,bridge,,,True,5,0,2948,78,1.2856878000020515,0.5996030000096653
25,"Beer Wars covers the differences between large corporate breweries, and small breweries, such as what brewery that is headquartered in Escondido, california?",Stone Brewing,bridge,Stone Brewing Co.,Stone Brewing Co.,False,False,0.8,0.8,ok,,bridge,,,True,5,0,2985,86,1.3218275000108406,0.6148931000207085
26,"Which head coach has led their team for a longer period of time, Tim Cluess or Steve Prohm?",Tim Cluess,bridge,Steve Prohm,Tim Cluess has led the Iona Gaels men's basketball team for a longer period of time than Steve Prohm has led the Iowa State Cyclones men's basketball team.,False,False,0.0,0.14814814814814814,ok,,comparison,True,True,,10,2,10389,3348,25.25102289998904,2.4243773999914993
27,During what war were the Russia-United Kingdom relations in a state of rivalry after the abdication of Emperor Nicholas II? ,the Cold War (1947–91),bridge,Russian Civil War,World War I,False,False,0.3333333333333333,0.3333333333333333,ok,,bridge,,,True,5,0,3643,231,2.4945840000000317,0.675861800002167
28,How far from Sacramento is the flight school in Atwater?,about 115 miles (185 km),bridge,"Castle Air Force Base is approximately 115 miles (185 km) south of Sacramento, California, and is located northeast of Atwater, northwest of Merced.",115 miles,False,False,0.2857142857142857,0.5714285714285715,ok,,bridge,,,True,5,0,3076,108,1.4777716000098735,0.506713699985994
29,Baraki Barak District is situated in the western part of a province whose capital is what?,Puli Alam,bridge,Logar Province,Puli Alam,False,True,0.0,1.0,ok,,bridge,,,True,5,0,3864,41,1.1855266999918967,0.8982675999868661
30,What was the 2010 population of the town where Black Crescent Mountain was located? ,310,bridge,"There is no information about the 2010 population of the town where Black Crescent Mountain was located. The fact provided is Crescent Mills, California, but the text does not mention the population of the town where Black Crescent Mountain is located. The text does mention the population of Crescent Mills, California, which was 196 at the 2010 census, but it does not provide information about the population of the town where Black Crescent Mountain is located.",310,False,True,0.0,1.0,ok,,bridge,,,True,5,0,3433,186,2.082903399976203,0.5790175999864005
31,"In the NASA mission where Moon trees were taken into space, what was the nickname of the Command Module?","""Kitty Hawk""",bridge,"Command Module ""Kitty Hawk""",Kitty Hawk,False,True,0.6666666666666666,1.0,ok,,bridge,,,True,5,0,3555,60,1.2478984000044875,0.6121084000042174
32,Which comic series involves characters such as Nick Fury and Baron von Strucker?,Marvel,bridge,"Andrea von Strucker, also known as Viper, is a character in the Marvel Comics universe and is the sister of Baron von Strucker, a supervillain in the HYDRA organization. She appears in the 1998 television film ""Nick Fury: Agent of S.H.I.E.L.D."" and is played by Sandra Hess. The character has also appeared in other Marvel Comics, including the comic series ""Nick Fury, Agent of S.H.I.E.L.D."" and the ""Ultimate Marvel"" section of the Marvel Comics universe.",Ultimate Nick Fury,False,False,0.030303030303030307,0.0,ok,,bridge,,,True,5,0,2798,199,2.024996000021929,0.48915289997239597
33,College Humor is a 1933 American pre-Code musical comedy film that starred what American singer and actor who has a trademark warm bass-baritone voice?,"Harry Lillis ""Bing"" Crosby Jr.",bridge,Bing Crosby,Bing Crosby,False,False,0.5714285714285715,0.5714285714285715,ok,,bridge,,,True,5,0,2332,108,1.37170060002245,0.5640377000090666
34,Who is writing a book about the Koch family who control the second-largest privately owned company in the United States?,Jane Mayer,bridge,Jane Mayer,Jane Mayer,True,True,1.0,1.0,ok,,bridge,,,True,5,0,3112,52,1.0225104999553878,0.5791933999862522
35,New York State Route 9R rejoins its parent in a hamlet located  in what New York County?,Albany,bridge,New York County,Boght Corners,False,False,0.0,0.0,ok,,bridge,,,True,5,0,4139,151,2.0676600999722723,0.7470941999927163
36,12 Years a Slave starred what British actor born 10 July 1977),Chiwetel Ejiofor,bridge,Chiwetel Umeadi Ejiofor,"Chiwetel Umeadi Ejiofor, CBE",False,False,0.8,0.6666666666666666,ok,,bridge,,,True,5,0,2468,74,1.1230579999973997,0.5837273999932222
37,What was the capital of India when the Taj Mahal was commissioned?,Agra,bridge,Delhi,Agra,False,True,0.0,1.0,ok,,bridge,,,True,5,0,2966,116,1.5047939000360202,0.5157508999982383
38,"In what city did the ""Prince of tenors"" star in a film based on an opera by Giacomo Puccini?",Rome,bridge,Franco Corelli,"Franco Corelli starred in the 1956 film ""Tosca"", which is based on the opera ""Tosca"" by Giacomo Puccini, and it was made in Rome.",False,False,0.0,0.08695652173913045,ok,,bridge,,,False,5,0,3466,78,1.3317463000130374,0.9422768999938853
39,What river can a  large African bovine be seen bathing in in the Mwabvi Wildlife Reserve?,Buffalo,bridge,"There is no river in the Mwabvi Wildlife Reserve where a large African bovine can be seen bathing. The fact provided is that of an African buffalo, which is a large African bovine, but there is no mention of a river in the Mwabvi Wildlife Reserve where it can be seen bathing. The text does mention that African buffalo can be found in the Mwabvi Wildlife Reserve, but it does not provide information on a specific river where they can be seen bathing.",The Shire River and the Zambesi river,False,False,0.027027027027027025,0.0,ok,,bridge,,,True,5,0,3262,145,1.7622931000369135,0.637262499978533
40,Jalen Jones plays basketball for an NBA team that plays their home games in what arena?,Smoothie King Center,bridge,"Jalen Jones plays basketball for the New Orleans Pelicans, who play their home games in the Smoothie King Center (formerly known as the New Orleans Arena).",The Smoothie King Center (formerly known as the New Orleans Arena),False,False,0.23076923076923078,0.5,ok,,bridge,,,True,5,0,3240,92,1.3783924999879673,0.6232882000040263
41,The On Tour Forever album gave Blues Traveler the opportunity to display what musical trademark?,extensive use of segues,bridge,Blues Traveler's trademark jam band sound featuring John Popper's harmonica.,extensive use of segues in their live performances,False,False,0.0,0.6666666666666666,ok,,bridge,,,True,5,0,2625,56,1.003381399990758,0.5280157999950461
42,Which Victorian poet was born in a 15th-century castle home to the Earl of Southesk?,Charlotte Carnegie,bridge,Robert Browning,"Knightley is not mentioned in the text, however, Lady Charlotte Elliot was born in the parish of Farnell, Angus (possibly at Kinnaird Castle), Scotland, which is home to the Earl of Southesk, making her the correct answer.",False,False,0.0,0.05714285714285715,ok,,bridge,,,True,5,0,2391,65,0.9958534000033978,0.7892891000083182
43,Alexander Petrovich Nikolayev received the title Hero of the Soviet Union and the Order of Lenin for his actions during the   the final major offensive of the European theatre of what war?,World War II,bridge,"Alexander Petrovich Nikolayev received the title Hero of the Soviet Union and the Order of Lenin for his actions during the final major offensive of the European theatre of World War II, specifically the Battle of Berlin.",World War II,False,True,0.17647058823529413,1.0,ok,,bridge,,,True,5,0,4154,100,1.6441284000175074,0.824730799999088
44,Where did Cale Gundy's brother play football in college?,Oklahoma State University,bridge,Oklahoma State University,Oklahoma State University,True,True,1.0,1.0,ok,,bridge,,,False,5,0,4244,55,1.3975276999990456,0.6670343999867328
45,"Who has released more solo albums, Nick Carter or Brady Seals?",Brady Seals,comparison,"Brady Seals has released more solo albums than Nick Carter. According to the text, Brady Seals has released four solo albums: ""The Truth"", ""Brady Seals"", ""Thompson Street"", and ""Play Time"". Nick Carter has released three solo albums: ""Now or Never"", ""I'm Taking Off"", and ""All American"".",Brady Seals,False,True,0.08695652173913045,1.0,ok,,bridge,,,True,5,0,2884,197,2.0568847999966238,0.5121924000268336
46,"Which Istanbul mosque is unique for retaining a Baroque style of architecture, the Bayezid II Mosque or the Nusretiye Mosque?",Nusretiye Mosque,comparison,Nusretiye Mosque,Nusretiye Mosque,True,True,1.0,1.0,ok,,bridge,,,True,5,0,3226,102,1.4602611999725923,0.639413999975659
47,"What university did the last Detroit Pistons player to wear the number retired in honor of a player nicknamed ""The Worm"" attend?",Georgetown University,bridge,Denver University,Georgetown University,False,True,0.5,1.0,ok,,bridge,,,True,5,0,4012,103,1.6768169999995735,0.7065453999966849
48,The Atik Valide Mosque and Valens Aqueduct are found in what country?,Turkey,comparison,The Atik Valide Mosque and Valens Aqueduct are found in Turkey.,Turkey,False,True,0.18181818181818182,1.0,ok,,bridge,,,True,5,0,2853,78,1.2196043000149075,0.4988737999810837
49,"Which of the four US Presidents who have been assinated was shot on the grounds of the Pan-American Exposition at the Temple of Music in Buffalo, New York?",William McKinley,bridge,William McKinley,William McKinley,True,True,1.0,1.0,ok,,bridge,,,True,5,0,3608,158,1.9464643000392243,0.7177637999993749
