id,gold,base_answer,base_correct,base_parsed,base_truncated,n5_answer,n5_correct,n5_status,n3_answer,n3_correct,n3_status,n1_answer,n1_correct,n1_status,n5_vote_share_all,n5_vote_share_valid,n5_margin,n5_entropy,n5_n_valid,n5_n_distinct,base_latency,n5_latency,n3_latency,n1_latency
0,8.0,8.0,True,True,False,8.0,True,ok,8.0,True,ok,8.0,True,ok,1.0,1.0,1.0,-0.0,5,1,1.119008199981181,7.896619899984216,5.701208099984797,3.7568027999950573
1,50.0,50.0,True,True,False,50.0,True,ok,50.0,True,ok,50.0,True,ok,1.0,1.0,1.0,-0.0,5,1,1.0589665999868885,4.323534400056815,2.793288200045936,1.0392482000170276
2,42.0,42.0,True,True,False,42.0,True,ok,42.0,True,ok,42.0,True,ok,1.0,1.0,1.0,-0.0,5,1,0.8769384000042919,5.305263000016566,3.004782400006661,0.892442199983634
3,90.0,180.0,False,True,False,90.0,True,ok,90.0,True,ok,90.0,True,ok,1.0,1.0,1.0,-0.0,5,1,0.8538313999888487,5.973989000049187,3.0046970000257716,0.9430538000015076
4,500.0,500.0,True,True,False,500.0,True,ok,500.0,True,ok,500.0,True,ok,1.0,1.0,1.0,-0.0,5,1,1.316931499983184,5.378225799970096,3.0304544999962673,0.9093665000109468
5,600.0,600.0,True,True,False,600.0,True,ok,600.0,True,ok,600.0,True,ok,1.0,1.0,1.0,-0.0,5,1,1.0827580000041053,4.251143900008174,2.34296720000566,0.8392937000025995
6,200.0,200.0,True,True,False,200.0,True,ok,200.0,True,ok,200.0,True,ok,1.0,1.0,1.0,-0.0,5,1,0.6579703000024892,4.251864799967734,3.1941628999775276,0.6195930999820121
7,25.0,25.0,True,True,False,25.0,True,ok,25.0,True,ok,25.0,True,ok,1.0,1.0,1.0,-0.0,5,1,1.0836080000153743,5.692131500050891,3.507924300036393,1.2628487000183668
8,900.0,900.0,True,True,False,900.0,True,ok,900.0,True,ok,900.0,True,ok,1.0,1.0,1.0,-0.0,5,1,0.696879800001625,4.961995100049535,2.9510087000380736,1.0210001000086777
9,54.0,54.0,True,True,False,54.0,True,ok,54.0,True,ok,54.0,True,ok,1.0,1.0,1.0,-0.0,5,1,1.1282959999807645,6.549411199986935,3.909736800007522,1.4256892999983393
10,70.0,70.0,True,True,False,70.0,True,ok,70.0,True,ok,70.0,True,ok,1.0,1.0,1.0,-0.0,5,1,0.9232158999948297,3.9564468000025954,2.4838361000001896,0.7551576000114437
11,104.0,104.0,True,True,False,104.0,True,ok,104.0,True,tie,104.0,True,ok,0.6,0.75,0.5,0.4056390622295664,4,2,0.6357474999967963,5.429039600014221,3.950413100013975,0.9885459000070114
12,21.0,21.0,True,True,False,21.0,True,ok,21.0,True,ok,21.0,True,ok,1.0,1.0,1.0,-0.0,5,1,1.1391198000055738,6.2149558999808505,3.534589499991853,1.258479800017085
13,18.0,18.0,True,True,False,18.0,True,ok,18.0,True,ok,18.0,True,ok,1.0,1.0,1.0,-0.0,5,1,0.9391248000029009,4.770847699983278,3.100949199986644,1.1283120000152849
14,640.0,640.0,True,True,False,640.0,True,ok,640.0,True,ok,640.0,True,ok,1.0,1.0,1.0,-0.0,5,1,0.9881030999822542,5.311354300007224,2.992503699992085,0.9824169999919832
15,51.0,51.0,True,True,False,51.0,True,ok,51.0,True,ok,51.0,True,ok,1.0,1.0,1.0,-0.0,5,1,0.8433803000079934,4.618326300027547,2.586634100007359,0.8756507000070997
16,10000.0,10000.0,True,True,False,10000.0,True,ok,10000.0,True,ok,10000.0,True,ok,1.0,1.0,1.0,-0.0,5,1,0.9099025999894366,4.556832400005078,2.852039400022477,0.9714605000044685
17,3500000.0,3500000.0,True,True,False,3500000.0,True,ok,3500000.0,True,ok,3500000.0,True,ok,1.0,1.0,1.0,-0.0,5,1,1.2619372000044677,6.1708390999701805,3.54990379998344,0.882194800011348
18,300.0,300.0,True,True,False,300.0,True,ok,300.0,True,tie,,False,ok,0.4,0.6666666666666666,0.3333333333333333,0.579380164285695,3,2,1.8578341999964323,13.75089950003894,9.99100780003937,6.611180000007153
19,22.0,22.0,True,True,False,22.0,True,ok,22.0,True,ok,22.0,True,ok,1.0,1.0,1.0,-0.0,5,1,1.4533025000127964,6.865768999996362,4.108922200015513,1.5694021999952383
20,20.0,20.0,True,True,False,20.0,True,ok,20.0,True,ok,20.0,True,ok,1.0,1.0,1.0,-0.0,5,1,0.9668705000076443,6.699827099975664,4.689351599983638,1.940051499987021
21,8.0,8.0,True,True,False,8.0,True,ok,32.0,False,tie,32.0,False,ok,0.6,0.6,0.4,0.5904362833084089,5,3,1.1281708000169601,8.121105199999874,5.037370100006228,1.4223675999965053
22,33.0,33.0,True,True,False,33.0,True,ok,33.0,True,ok,33.0,True,ok,0.8,1.0,1.0,-0.0,4,1,0.6186548999976367,3.622690700023668,2.334730300004594,0.8540619999985211
23,3.0,3.0,True,True,False,3.0,True,ok,3.0,True,ok,3.0,True,ok,1.0,1.0,1.0,-0.0,5,1,0.9224556999979541,4.809539900015807,2.678569100011373,0.8874572000058834
24,47.0,62.0,False,True,False,75.0,False,ok,107.0,False,tie,107.0,False,ok,0.6,0.6,0.4,0.5904362833084089,5,3,1.4583884000021499,9.133285100018838,6.171745400031796,2.6729215000232216
25,490.0,490.0,True,True,False,490.0,True,ok,490.0,True,ok,490.0,True,ok,0.8,0.8,0.6,0.31091750708257115,5,2,1.029461199999787,5.377809300000081,2.821461699990323,1.0185864999948535
26,196.0,181.0,False,True,False,196.0,True,ok,196.0,True,ok,196.0,True,ok,0.6,0.6,0.4,0.5904362833084089,5,3,1.7973391000123229,11.811434700008249,7.278542299987748,1.8256609000090975
27,36.0,36.0,True,True,False,36.0,True,ok,36.0,True,ok,36.0,True,ok,1.0,1.0,1.0,-0.0,5,1,0.8961132999975234,4.792167699983111,2.930642999999691,0.8513704999932088
28,7.0,7.0,True,True,False,7.0,True,ok,7.0,True,ok,7.0,True,ok,1.0,1.0,1.0,-0.0,5,1,1.1061742999881972,6.200111399957677,3.7882370999723207,1.1539340000017546
29,160.0,160.0,True,True,False,160.0,True,ok,160.0,True,ok,160.0,True,ok,0.8,1.0,1.0,-0.0,4,1,1.4077281999925617,5.489722700032871,3.1867152000195347,1.1026733000180684
30,53.0,47.0,False,True,False,53.0,True,ok,53.0,True,ok,53.0,True,ok,1.0,1.0,1.0,-0.0,5,1,1.346004000020912,8.118601900001522,4.762489600019762,1.48307260000729
31,21.0,54.0,False,True,False,21.0,True,ok,21.0,True,ok,21.0,True,ok,1.0,1.0,1.0,-0.0,5,1,2.0408525000093505,7.716279999993276,4.391123099980177,1.6119164999981876
32,2.0,2.0,True,True,False,2.0,True,ok,2.26,False,tie,,False,ok,0.4,0.5,0.25,0.75,4,3,1.9834875999949872,6.913181500014616,3.7719020000076853,1.2332387999922503
33,33.0,33.0,True,True,False,33.0,True,ok,33.0,True,ok,33.0,True,ok,1.0,1.0,1.0,-0.0,5,1,1.2423266999830958,5.326808300043922,3.1361055000161286,1.0578760000062175
34,240.0,240.0,True,True,False,240.0,True,ok,240.0,True,ok,240.0,True,ok,0.6,0.75,0.5,0.4056390622295664,4,2,1.4624788999790326,7.415407699969364,4.021806899982039,1.2444698000035714
35,160.0,144.0,False,True,False,160.0,True,ok,160.0,True,ok,160.0,True,ok,0.6,0.6,0.4,0.5904362833084089,5,3,1.4246164000069257,8.8039764999412,4.780236299964599,1.4663291999895591
36,36.0,36.0,True,True,False,36.0,True,ok,36.0,True,ok,36.0,True,ok,1.0,1.0,1.0,-0.0,5,1,2.599818399990909,7.716485900018597,4.484129000018584,1.9986329000093974
37,52.0,52.0,True,True,False,52.0,True,ok,52.0,True,ok,52.0,True,ok,1.0,1.0,1.0,-0.0,5,1,1.1220286999887321,4.759556200006045,2.9734356999979354,0.8875883999862708
38,700.0,700.0,True,True,False,700.0,True,ok,700.0,True,ok,700.0,True,ok,1.0,1.0,1.0,-0.0,5,1,1.625494499981869,9.408563000004506,5.870678700011922,1.8115358000213746
39,125.0,125.0,True,True,False,125.0,True,ok,125.0,True,ok,125.0,True,ok,1.0,1.0,1.0,-0.0,5,1,0.9723837999918032,5.479473099985626,3.3989278999797534,1.239997599972412
40,92.0,92.0,True,True,False,92.0,True,ok,92.0,True,ok,92.0,True,ok,1.0,1.0,1.0,-0.0,5,1,0.7423231999855489,5.028592100046808,3.3011998000438325,1.272913500026334
41,550.0,550.0,True,True,False,750.0,False,ok,750.0,False,ok,750.0,False,ok,0.6,0.6,0.2,0.4181656600790516,5,2,0.9472682999912649,5.9950195999699645,3.304878499970073,1.1318809000076726
42,16.0,16.0,True,True,False,16.0,True,ok,16.0,True,ok,16.0,True,ok,1.0,1.0,1.0,-0.0,5,1,1.1183923999778926,5.2364035999635234,3.26138829998672,1.2230297999922186
43,600.0,600.0,True,True,False,600.0,True,ok,600.0,True,ok,600.0,True,ok,0.8,1.0,1.0,-0.0,4,1,1.8687530999886803,7.266950400051428,4.479888800036861,1.7241877000196837
44,300.0,300.0,True,True,False,300.0,True,ok,300.0,True,ok,300.0,True,ok,1.0,1.0,1.0,-0.0,5,1,1.3601660999993328,5.976485399994999,3.691945200000191,1.4374204999767244
45,20.0,20.0,True,True,False,20.0,True,ok,20.0,True,ok,20.0,True,ok,1.0,1.0,1.0,-0.0,5,1,1.202608199993847,5.554813800030388,3.305111500027124,1.1860410000081174
46,6.0,6.0,True,True,False,6.0,True,ok,6.0,True,ok,6.0,True,ok,0.8,1.0,1.0,-0.0,4,1,0.9925340000190772,4.960517100000288,3.040087900008075,1.1503502000123262
47,680.0,680.0,True,True,False,680.0,True,ok,680.0,True,ok,680.0,True,ok,1.0,1.0,1.0,-0.0,5,1,1.374889800004894,6.625741599971661,3.77003999997396,1.2460882999876048
48,20.0,20.0,True,True,False,20.0,True,ok,20.0,True,ok,20.0,True,ok,1.0,1.0,1.0,-0.0,5,1,0.8630223000072874,4.68647030001739,2.985346200031927,0.9357503000064753
49,4.0,4.0,True,True,False,1.0,False,ok,1.0,False,ok,1.0,False,ok,0.6,0.6,0.4,0.5904362833084089,5,3,1.2408587999816518,12.376729799958412,9.44029019997106,2.9580268999852706
50,28.0,28.0,True,True,False,28.0,True,ok,28.0,True,ok,28.0,True,ok,0.6,0.6,0.4,0.5904362833084089,5,3,1.6326197999878787,5.985244099952979,3.6579447999829426,1.275914500001818
51,48.0,48.0,True,True,False,48.0,True,ok,48.0,True,ok,48.0,True,ok,0.8,1.0,1.0,-0.0,4,1,1.0117154000035953,5.864924099994823,3.389032499981113,1.1422155999753159
52,15.0,15.0,True,True,False,15.0,True,ok,15.0,True,ok,15.0,True,ok,1.0,1.0,1.0,-0.0,5,1,1.15241059998516,5.367503599991323,3.3546676999831107,1.099121399980504
53,4.0,4.0,True,True,False,4.0,True,ok,4.0,True,ok,4.0,True,ok,1.0,1.0,1.0,-0.0,5,1,1.0763982000062242,5.746830000018235,3.3651311000285204,1.1874565000180155
54,7.0,7.0,True,True,False,7.0,True,ok,7.0,True,ok,7.0,True,ok,1.0,1.0,1.0,-0.0,5,1,1.1636130999831948,5.542185699974652,3.4990706999669783,1.186601099994732
55,4.0,4.0,True,True,False,4.0,True,ok,4.0,True,ok,4.0,True,ok,1.0,1.0,1.0,-0.0,5,1,0.9885820000199601,4.97254950000206,2.7808722000045236,1.0063098999962676
56,2.0,2.0,True,True,False,2.0,True,ok,2.0,True,ok,2.0,True,ok,1.0,1.0,1.0,-0.0,5,1,1.8677158000064082,12.352548700000625,6.366309400007594,1.9454268999979831
57,13.0,13.0,True,True,False,13.0,True,ok,13.0,True,ok,13.0,True,ok,1.0,1.0,1.0,-0.0,5,1,0.8259784000110812,5.084931100049289,3.153107300051488,0.9653246000234503
58,4.0,4.0,True,True,False,4.0,True,ok,4.0,True,ok,4.0,True,ok,1.0,1.0,1.0,-0.0,5,1,1.8595649000199046,11.911243299982743,6.5884836000041105,2.5199651999864727
59,16.0,16.0,True,True,False,16.0,True,ok,16.0,True,ok,16.0,True,ok,0.8,0.8,0.6,0.31091750708257115,5,2,1.3273649999755435,6.50375779994647,3.82533829996828,1.3473373999877367
60,5.0,5.0,True,True,False,5.0,True,ok,5.0,True,ok,5.0,True,ok,1.0,1.0,1.0,-0.0,5,1,0.7226433000178076,5.125407200015616,3.218256600026507,1.020104800001718
61,2.0,2.0,True,True,False,2.0,True,ok,2.0,True,ok,2.0,True,ok,1.0,1.0,1.0,-0.0,5,1,1.371464299998479,7.122394499980146,3.976717599987751,1.4255498999846168
62,9.0,9.0,True,True,False,9.0,True,ok,9.0,True,ok,9.0,True,ok,1.0,1.0,1.0,-0.0,5,1,0.8974713000061456,3.9306014999747276,2.4383723000064492,0.7988954999891575
63,2.0,2.0,True,True,False,2.0,True,ok,2.0,True,ok,2.0,True,ok,1.0,1.0,1.0,-0.0,5,1,1.4527662000036798,6.022781700041378,3.6926371000299696,0.9536735000147019
64,8000.0,16000.0,False,True,False,8000.0,True,ok,8000.0,True,tie,8000.0,True,ok,0.6,0.6,0.4,0.5904362833084089,5,3,1.03678540000692,6.057665000058478,3.6513935000402853,0.8696477000194136
65,420.0,420.0,True,True,False,420.0,True,ok,420.0,True,ok,420.0,True,ok,1.0,1.0,1.0,-0.0,5,1,1.0548757999786176,6.3365360999596305,4.028598899982171,1.2559646999870893
66,10.0,10.0,True,True,False,10.0,True,ok,10.0,True,ok,10.0,True,ok,1.0,1.0,1.0,-0.0,5,1,0.8926976000075229,6.644224799994845,3.392766200006008,1.021361099992646
67,110.0,110.0,True,True,False,110.0,True,ok,110.0,True,ok,110.0,True,ok,1.0,1.0,1.0,-0.0,5,1,0.8695895999844652,4.089061299979221,2.411034799995832,0.8590852999768686
68,8.0,8.0,True,True,False,8.0,True,ok,8.0,True,ok,8.0,True,ok,0.4,0.5,0.25,0.75,4,3,1.3361738999956287,7.801792900019791,3.727600000012899,1.2098078000126407
69,195.0,195.0,True,True,False,195.0,True,ok,195.0,True,ok,195.0,True,ok,1.0,1.0,1.0,-0.0,5,1,1.3753448000061326,6.139855499990517,3.9275270999933127,1.2262239000119735
70,216.0,216.0,True,True,False,216.0,True,ok,216.0,True,ok,2592.0,False,ok,0.8,0.8,0.6,0.31091750708257115,5,2,1.4287934999738354,6.234658099972876,4.151129899953958,1.2585408999875654
71,5.0,5.0,True,True,False,5.0,True,ok,5.0,True,tie,5.0,True,ok,0.4,0.5,0.25,0.75,4,3,1.0808047000027727,5.979602999985218,3.8306849999935366,1.1894851000106428
72,504.0,504.0,True,True,False,504.0,True,ok,504.0,True,ok,504.0,True,ok,1.0,1.0,1.0,-0.0,5,1,1.54572090000147,9.75787470000796,6.4419487999984995,1.8485321000043768
73,33.0,32.0,False,True,False,33.0,True,ok,42.0,False,tie,42.0,False,ok,0.4,0.4,0.2,0.8277293767706428,5,4,1.3232395000231918,6.2287768999813125,3.2494927999796346,1.2755181999818888
74,324.0,324.0,True,True,False,324.0,True,ok,324.0,True,ok,324.0,True,ok,0.8,0.8,0.6,0.31091750708257115,5,2,1.3709265000070445,8.065245299978415,4.572540399967693,1.476744299987331
75,45.0,50.0,False,True,False,50.0,False,ok,50.0,False,ok,50.0,False,ok,1.0,1.0,1.0,-0.0,5,1,1.0874943000089843,5.1549791999859735,2.9514904000097886,1.0489500999974553
76,50.0,50.0,True,True,False,50.0,True,ok,50.0,True,ok,50.0,True,ok,1.0,1.0,1.0,-0.0,5,1,1.0208509999793023,5.153031400026521,3.159104100021068,1.1240190000098664
77,1600.0,1600.0,True,True,False,1600.0,True,ok,1600.0,True,ok,1600.0,True,ok,1.0,1.0,1.0,-0.0,5,1,1.0056875000009313,5.61059899997781,3.473404499993194,1.2441780999943148
78,307.0,307.0,True,True,False,307.0,True,ok,52.0,False,tie,52.0,False,ok,0.6,0.6,0.4,0.5904362833084089,5,3,0.9235816999862436,6.1713386999908835,4.3403320999932475,2.1376268999883905
79,25.0,25.0,True,True,False,25.0,True,ok,25.0,True,ok,25.0,True,ok,1.0,1.0,1.0,-0.0,5,1,1.6505529999849387,6.877641800005222,3.78917270002421,1.1467858000250999
80,19.0,19.0,True,True,False,19.0,True,ok,19.0,True,ok,19.0,True,ok,1.0,1.0,1.0,-0.0,5,1,1.4700146999966819,6.554317100002663,4.0413759000075515,1.365955799992662
81,9000.0,9000.0,True,True,False,9000.0,True,ok,9000.0,True,ok,9000.0,True,ok,1.0,1.0,1.0,-0.0,5,1,0.7445313000062015,3.653556100005517,2.3771638000034727,0.7931314000161365
82,28.0,28.0,True,True,False,28.0,True,ok,28.0,True,ok,28.0,True,ok,1.0,1.0,1.0,-0.0,5,1,0.6845364000182599,4.10235199998715,2.5589951000001747,0.7550165000138804
83,9.0,9.0,True,True,False,9.0,True,ok,9.0,True,ok,4.0,False,ok,0.6,0.6,0.4,0.5904362833084089,5,3,1.283114400022896,5.945851099997526,3.7383268999983557,1.5842935999971814
84,9724.0,9724.0,True,True,False,9724.0,True,ok,9724.0,True,ok,9724.0,True,ok,1.0,1.0,1.0,-0.0,5,1,0.981998500006739,4.443202800030122,2.735196800000267,1.02588959998684
85,60.0,60.0,True,True,False,60.0,True,ok,60.0,True,ok,60.0,True,ok,0.6,0.6,0.2,0.4181656600790516,5,2,1.2450968000048306,6.908459700032836,4.423666200018488,1.8939312000002246
86,5.0,5.0,True,True,False,5.0,True,ok,5.0,True,ok,20.0,False,ok,0.8,0.8,0.6,0.31091750708257115,5,2,0.7761284000007436,5.080374599987408,3.507668299978832,1.697755600005621
87,400.0,900.0,False,True,False,400.0,True,ok,400.0,True,ok,400.0,True,ok,1.0,1.0,1.0,-0.0,5,1,1.196212100010598,6.422871999966446,3.7987598999752663,1.1354322000115644
88,6.0,0.667,False,True,False,8.0,False,ok,8.0,False,ok,8.0,False,ok,0.8,1.0,1.0,-0.0,4,1,0.928588699985994,6.557575000013458,4.161508900026092,1.3120924000104424
89,10.0,10.0,True,True,False,10.0,True,ok,10.0,True,ok,10.0,True,ok,1.0,1.0,1.0,-0.0,5,1,0.9631954999931622,4.57782889995724,2.6574060999555513,0.8772524999803863
90,18.0,18.0,True,True,False,18.0,True,ok,18.0,True,ok,42.0,False,ok,0.8,0.8,0.6,0.31091750708257115,5,2,1.1145445000147447,5.746527400042396,3.736211400013417,1.4434822000039276
91,11.0,11.0,True,True,False,11.0,True,ok,11.0,True,ok,11.0,True,ok,1.0,1.0,1.0,-0.0,5,1,1.116017099993769,4.343727600033162,2.667360200022813,0.7378801000013482
92,60.0,60.0,True,True,False,60.0,True,ok,60.0,True,ok,60.0,True,ok,1.0,1.0,1.0,-0.0,5,1,1.0590705000213347,6.079525599983754,3.39646210000501,1.2030738999892492
93,30.0,30.0,True,True,False,30.0,True,ok,30.0,True,ok,30.0,True,ok,1.0,1.0,1.0,-0.0,5,1,1.568199800007278,7.256132600014098,5.084669600008056,1.7045953999913763
94,55.0,55.0,True,True,False,55.0,True,ok,55.0,True,ok,55.0,True,ok,1.0,1.0,1.0,-0.0,5,1,0.9541826999920886,5.68548950002878,2.708426099998178,1.0359362000017427
95,113.0,107.0,False,True,False,113.0,True,ok,113.0,True,tie,113.0,True,ok,0.4,0.4,0.2,0.8277293767706428,5,4,1.8199939000187442,8.274582499987446,5.113184099987848,1.9962764999945648
96,3.0,3.0,True,True,False,3.0,True,ok,3.0,True,ok,3.0,True,ok,1.0,1.0,1.0,-0.0,5,1,1.233133799978532,6.18861929999548,3.974317799991695,1.1222089999937452
97,48.0,48.0,True,True,False,48.0,True,ok,48.0,True,ok,48.0,True,ok,1.0,1.0,1.0,-0.0,5,1,0.8514310000173282,5.258778600051301,3.3461593000392895,1.2529368000105023
98,40.0,40.0,True,True,False,40.0,True,ok,40.0,True,ok,40.0,True,ok,1.0,1.0,1.0,-0.0,5,1,1.4516630999860354,6.574250499979826,3.9194978999730665,1.3838074999803212
99,30.0,30.0,True,True,False,30.0,True,ok,30.0,True,ok,30.0,True,ok,1.0,1.0,1.0,-0.0,5,1,1.9599537999893073,8.621432900021318,5.407997200003592,1.6552064999996219
